,Topic,Count,Name,Representation,KeyBERT,Representative_Docs
0,-1,37997,-1_المدرسه_الاطفال_المركز_الي,"['المدرسه', 'الاطفال', 'المركز', 'الي', 'الطفل', 'ان', 'شكرا', 'المكان', 'رقم', 'او']","['سيءه', 'المدرسه', 'الروضه', 'المعلمه', 'الاستاذه', 'النظافه', 'الطاقم', 'مرتاحه', 'الحمدلله', 'الراءعه']","['بنتي الان تقريبا بتكمل معاهم سنه الحمدلله ان ربي', 'المدرسه روعه اهتمام بالطالب يدخل المدرسه الي ان يخرج الصراحه اشكر الاداره', 'اللي مكتوب روضه الرواد او اسيا']"
1,0,6396,0_الله_تبارك_تبارك الله_بنتي,"['الله', 'تبارك', 'تبارك الله', 'بنتي', 'ماشاء', 'ماشاء الله', 'الله يسعدهم', 'خير', 'يسعدهم', 'اني']","['تبارك الله', 'الله يسعدها', 'الله يسعدهم', 'باذن الله', 'الله خير', 'شاء الله', 'ماشاء الله', 'الحمد لله', 'الروضه', 'الله']","['ماشاءلله تبارك الله الله يطرح البركه', 'شاء الله تبارك الله', 'شاء الله تبارك الله حنوونه الاطفال']"
2,1,1362,1_انه_انهم_ان_او,"['انه', 'انهم', 'ان', 'او', 'الطفل', 'انها', 'حتي', 'يعني', 'اذا', 'بسبب']","['يهتمون', 'الروضه', 'يصورون', 'المدرسه', 'اطفالهم', 'للطفل', 'الطلاب', 'التسجيل', 'المعلمات', 'المبلغ']","['انه ينزع بركه المال', 'متاكده انه بيتلقي الاعتناء', 'انه يقضي معظم']"
3,2,723,2_الاستاذه_مديره_استاذه_القحطاني,"['الاستاذه', 'مديره', 'استاذه', 'القحطاني', 'بالشكر', 'مديره المدرسه', 'واخص', 'والاستاذه', 'لاستاذه', 'خاص']","['الاستاذه مها', 'الاستاذه منال', 'الاستاذه ساره', 'اشكر الاستاذه', 'الاستاذه', 'بالشكر استاذه', 'استاذه مها', 'مديره المدرسه', 'استاذه فاطمه', 'واخص بالشكر']","['شكرا المديره الفاضله الاستاذه حزوي ابا الجيش', 'ووكيله المدرسه الاستاذه البندري', 'واخص الاستاذه مريم مجرشي مديره المدرسه']"
4,3,646,3_مركز_المركز_مركز راءع_راءع,"['مركز', 'المركز', 'مركز راءع', 'راءع', 'متكامل', 'مركز جميل', 'المركز اكثر', 'مركز ممتاز', 'جميل', 'شكرا مركز']","['مركز راءع', 'مركز سماءي', 'المركز راءع', 'النواحي نظافه', 'شكرا القاءمين', 'النواحي', 'الجميله', 'مركز اكثر', 'بيت الحنان', 'الصراحه']","['مماشاء الله مركز راءع', 'مركز يدار بشغف', 'الاخوه القامون مركز الرواد الاذكياء']"
5,4,637,4_ام_القحطاني_جزيل الشكر_العتيبي,"['ام', 'القحطاني', 'جزيل الشكر', 'العتيبي', 'جزيل', 'الدوسري', 'احمد', 'عبدالله', 'الشكر', 'الشهري']","['ام سعود', 'الحارس', 'القحطاني', 'الخبره', 'المربيه', 'الجوهره', 'البدايه', 'الارقام', 'الرعايه', 'الادعيه']","['ام عبدالعزيز', 'ام نوره القحطاني', 'ام ارجوان القحطاني']"
6,5,621,5_طاقم_التعليم_تعليمي_تعليم,"['طاقم', 'التعليم', 'تعليمي', 'تعليم', 'اداري', 'وتعليم', 'التعليمي', 'والتعليم', 'العمل', 'وطاقم']","['طاقم', 'طاقم تعليمي', 'طاقم اداري', 'طاقم العمل', 'طاقم راءع', 'مستمر', 'الطاقم التعليمي', 'وطاقم', 'الطاقم', 'المميز']","['طاقم ممتاز', 'طاقم ممتاز', 'طاقم التعليم']"
7,6,560,6_الاطفال_كانهم_العافيه_يشكرون,"['الاطفال', 'كانهم', 'العافيه', 'يشكرون', 'يعطيهم', 'يعطيهم العافيه', 'المستوي', 'معاه', 'والطفل', 'كانوا']","['يعطيهم العافيه', 'يعطيهم', 'ويعلمونهم', 'يعطون', 'يقدمونه', 'يحطون', 'تستحق الشكر', 'يستحقون', 'يحتاجون', 'يستقبلون']","['يعطيهم العافيه', 'يعطيهم العافيه قصرو', 'يعطيهم العافيه']"
8,7,550,7_ويسعدهم_ويوفقها_جهودهم_ورعايتهم,"['ويسعدهم', 'ويوفقها', 'جهودهم', 'ورعايتهم', 'واحتواءهم', 'وجهودهم', 'يارب', 'وانشطتهم', 'دنيا', 'رسومها']","['ويسعدهم', 'وتعليمهم', 'واحتواءهم', 'ويعلمونهم', 'لجهودهم', 'واستقبالهم', 'لوحدهم', 'واحتواءها', 'ورعايتهم', 'واشكرهم']","['ويسعدهم', 'ويسعدهم', 'ويسعدهم']"
9,8,550,8_للاطفال_اطفال_رياض اطفال_مناسب,"['للاطفال', 'اطفال', 'رياض اطفال', 'مناسب', 'رياض', 'فعاليات', 'وممتع', 'مكان', 'مناسبه', 'امن للاطفال']","['للاطفال', 'امن للاطفال', 'للاطفال تعليم', 'اطفالي', 'للطلاب', 'رياض اطفال', 'روضه اطفال', 'اطفال', 'للمكان', 'لاطفال']","['واحتوي للاطفال', 'للاطفال', 'ومهيا للاطفال']"
10,9,523,9_رقم_الرقم_ممكن_التواصل,"['رقم', 'الرقم', 'ممكن', 'التواصل', 'رقم رقم', 'تواصل', 'صحيح', 'ريال', 'مغلق', 'الروضه رقم']","['الروضه رقم', 'رقم سنه', 'ال رقم', 'الخدمه', 'اكثر رقم', 'الروضه', 'المبلغ', 'رقمهم', 'رقم سنين', 'الدوام']","['ومريم كجم رقم', 'وتحقيق مبتغانا بتقديم الطابور رقم', 'وصاحبه الرقم التواصل رقم الي رقم اضاهر نوم ماترد']"
11,10,496,10_افضل_الحضانات_افضل الحضانات_افضل المراكز,"['افضل', 'الحضانات', 'افضل الحضانات', 'افضل المراكز', 'المراكز', 'افضل مركز', 'الرياض', 'بالرياض', 'مراكز', 'تعاملت']","['افضل الحضانات', 'افضل الروضات', 'افضل المراكز', 'افضل المراكز اللي', 'افضل روضه', 'الحضانات', 'افضل المدارس', 'افضل مكان', 'رعايه الاطفال', 'الروضات']","['افضل الحضانات', 'افضل الحضانات', 'افضل الحضانات']"
12,11,492,11_واستاذه_استاذه_والاستاذه_الاستاذه,"['واستاذه', 'استاذه', 'والاستاذه', 'الاستاذه', 'شكرا استاذه', 'نوره', 'واشكر', 'واشكر استاذه', 'راسهم', 'فاطمه']","['واستاذه تهاني', 'واستاذه', 'استاذه عبير', 'اشكر الاستاذه', 'استاذه منال', 'استاذه نوال', 'الاستاذه', 'الاستاذه ساره', 'واشكر استاذه', 'استاذه فاطمه']","['واستاذه رءي', 'واستاذه شذي', 'واستاذه حمده']"
13,12,423,12_الاطفال_والحرص_واخلاقها_وعدم,"['الاطفال', 'والحرص', 'واخلاقها', 'وعدم', 'الام', 'الحرص', 'وتغيير', 'الامهات', 'حريصه', 'الرد']","['حنونات الاطفال', 'الاطفال الشكر', 'رعايه الاطفال', 'الاطفال كثير', 'الاطفال راءع', 'الاطفال', 'كبير الاطفال', 'رياض الاطفال', 'والصبر', 'الاطفال الاطفال']","['وصبورات الاطفال', 'وسءالهم الاطفال', 'وخوفها الاطفال']"
14,13,406,13_راءعه_اكثر راءعه_الحضانه راءعه_روضه,"['راءعه', 'اكثر راءعه', 'الحضانه راءعه', 'روضه', 'اكثر', 'رااءعه', 'تجربه راءعه', 'روعه', 'حضانه', 'الحضانه']","['تجربه راءعه', 'راءعه جداا', 'راءعه', 'الحضانه راءعه', 'حضانه راءعه', 'رااءعه', 'راءع جد', 'مدرسه راءعه', 'راءع', 'راءعه مدرسه']","['ووساءل راءعه', 'وقاءم كوادر راءعه', 'ومرشده راءعه']"
15,14,390,14_اول_اول باول_باول_اول مره,"['اول', 'اول باول', 'باول', 'اول مره', 'اولادي', 'اول اسبوع', 'اولا', 'يوم', 'اسبوع', 'اي']","['اول مره', 'اول', 'اولا', 'اول مره اشوف', 'اول تجربه', 'اول اسبوع', 'اول باول', 'اولاد', 'بالروضه', 'اولي']","['اول نظره', 'وتتابع اول اول', 'ويطمنون اول اول']"
16,15,376,15_ومعلمات_المعلمات_معلمات_حنونات,"['ومعلمات', 'المعلمات', 'معلمات', 'حنونات', 'متمكنات', 'ومعلماتها', 'راءعات', 'المعلمات حنونات', 'متميزات', 'الفاضلات']","['ومعلمات', 'معلمات', 'اشكر المعلمات', 'المعلمات حنونات', 'المعلمات', 'الاطفال المعلمات', 'ومعلماتها', 'للمعلمات', 'الاستاذات', 'متعاونات']","['ومعلمات اكفاء', 'ومعلمات فتيات متحمسات', 'ومعلمات شاطرات']"
17,16,366,16_الحضانه_حضانه_النواحي_ممتازه,"['الحضانه', 'حضانه', 'النواحي', 'ممتازه', 'حضانه مميزه', 'نظيفه', 'مميزه', 'حضانه ممتازه', 'تكوين', 'متكامله']","['حضانه ممتازه', 'الحضانه', 'ممتازه النواحي', 'حضانه متميزه', 'انصح الحضانه', 'والحضانه', 'بحضانه', 'ممتازه ناحيه', 'حضانه مميزه', 'وحضانه']","['الحضانه ممتازه', 'الحضانه ممتازه', 'حضانه مميزه النواحي']"
18,17,365,17_تعاملهم_وتعاملهم_الاطفال_التعامل الاطفال,"['تعاملهم', 'وتعاملهم', 'الاطفال', 'التعامل الاطفال', 'تعاملهم الاطفال', 'التعامل', 'وتعاملها', 'تعاملها', 'حسن', 'لطيف']","['تعاملهم الاطفال', 'تعامل الاطفال', 'بالتعامل الاطفال', 'التعامل الاطفال', 'تعاملها الراقي', 'تعاملهم', 'لتعاملهم', 'وتعاملهم', 'تعامل المعلمات', 'حسن تعاملهم']","['ويهبل تعاملهم الاطفال', 'تعاملهم الاطفال', 'تعاملهم الاطفال']"
19,18,347,18_التعامل_والتعامل_بالتعامل_التعامل الاطفال,"['التعامل', 'والتعامل', 'بالتعامل', 'التعامل الاطفال', 'تعامل', 'الاطفال', 'واسلوب', 'رقي التعامل', 'ومعامله', 'رقي']","['ناحيه التعامل', 'رقي التعامل', 'التعامل الاطفال', 'تعامل الاطفال', 'التعامل', 'والتعامل', 'تعامل لطيف', 'التعاون', 'تعامل راءع', 'والمنهج']","['والادراه مرنه التعامل', 'ورقيها التعامل', 'مرونه التعامل']"
20,19,324,19_بالطفل_الاهتمام_اهتمام_واهتمام,"['بالطفل', 'الاهتمام', 'اهتمام', 'واهتمام', 'واهتمامهم', 'اهتمامهم', 'والاهتمام', 'اهتمام بالطفل', 'التفاصيل', 'واهتمامها']","['اهتمام بالطفل', 'تهتم بالطفل', 'الاهتمام بالاطفال', 'ناحيه الاهتمام', 'اهتمامهم بالاطفال', 'شكرا الاهتمام', 'الاهتمام', 'بالطفل النواحي', 'اهتمامهم', 'اي اهتمام']","['النواحي الاهتمام بالطفل', 'والاستمرارفي هاذالمستوي الاهتمام بالطفل', 'اكثر الاهتمام الفعلي بالطفل']"
21,20,305,20_وين_ومس_واتس_ماكانت,"['وين', 'ومس', 'واتس', 'ماكانت', 'رد', 'واتس اب', 'اب', 'ومافيه', 'ومافي', 'وبنتي']","['ماكانت', 'واتمني', 'وانتم', 'وياليت', 'مايتكلم', 'لاي', 'واللي', 'وانما', 'وماندمت', 'وناس']","['وين ماكانت', 'وين ماكانت', 'وين ماكانت']"
22,21,293,21_مهارات_التعليميه_الطفل_المهارات,"['مهارات', 'التعليميه', 'الطفل', 'المهارات', 'تطوير', 'مهارات الطفل', 'لتنميه', 'بشكل', 'بتعليم', 'الطلاب']","['لتعليم الاطفال', 'ناحيه التدريس', 'بتعليم الطفل', 'لتنميه', 'ناحيه الاهتمام', 'التدريس', 'وتنميه', 'مهارات الطفل', 'المتميزه', 'اهتمامهم']","['مميز بفعالياته تنمي مهارات الطفل', 'مفيده لتنميه مهارات الطفل', 'ممتاز انصح مميزين تطوير مهارات الطفل']"
23,22,281,22_وامتناني_واداري_واطفالي_يهبلون,"['وامتناني', 'واداري', 'واطفالي', 'يهبلون', 'واتطمن', 'ويهتمون', 'كانو', 'غرناطه', 'واولادي', 'واتمني']","['وامتناني', 'واتمني', 'واتقان', 'واداري', 'واولادي', 'واتطمن', 'واطفالي', 'ويهتمون', 'وايش', 'تردون']","['وامتناني', 'وامتناني', 'وامتناني المركز']"
24,23,275,23_الموظفات_والموظفات_لطيفات_موظفات,"['الموظفات', 'والموظفات', 'لطيفات', 'موظفات', 'متعاونات', 'المعلمات', 'المعلمات متعاونات', 'وموظفات', 'بشوشات', 'متميزات']","['لطيفات', 'الموظفات', 'والموظفات', 'وموظفات', 'لطيفين', 'موظفات', 'الموظفين', 'المعلمات متعاونات', 'الامهات', 'الاستاذات']","['والموظفات لطيفات', 'الموظفات لطيفات', 'والموظفات لطيفات']"
25,24,270,24_مدرسه_مدرسه جميله_مدرسه ممتازه_جميله,"['مدرسه', 'مدرسه جميله', 'مدرسه ممتازه', 'جميله', 'مدرسه متميزه', 'مدرسه سيءه', 'ممتازه', 'متميزه', 'مدرسه مميزه', 'مدارس']","['مدرسه جميله', 'مدرسه سيءه', 'مدرسه ممتازه', 'مدرسه قمه', 'مدرسه صغيره', 'جميله', 'مدرسه متميزه', 'مدارس اهليه', 'صراحه مدرسه', 'مدرسه مميزه']","['مدرسه جميله', 'مدرسه جميله', 'مدرسه جميله']"
26,25,264,25_حضانه راءعه_المركز راءع_حضانه_راءعه,"['حضانه راءعه', 'المركز راءع', 'حضانه', 'راءعه', 'وانا متطمنه', 'القلب', 'متطمنه', 'شكرا القلب', 'وانا', 'راءعه شكرا']","['حضانه راءعه', 'راءعه', 'راءعه مدرسه', 'راءعه شكرا', 'حضانه', 'راءع', 'مدرسه اكثر راءعه', 'رااءعه', 'شكرا حضانه', 'اكثر راءعه']","['حضانه راءعه', 'حضانه راءعه', 'حضانه راءعه']"
27,26,260,26_الطفل_تنمي_نفسيه_مهارات الطفل,"['الطفل', 'تنمي', 'نفسيه', 'مهارات الطفل', 'مهارات', 'تعليم', 'وحرصهم', 'احتياجات', 'والتعامل', 'التعامل الطفل']","['بتعليم الطفل', 'التعامل الطفل', 'ونفسيه', 'وجبه', 'وتعليم', 'شخصيه الطفل', 'وتعليميه', 'والتعامل', 'ويفهمون', 'وجهودهم']","['ويخافون خاطر الطفل', 'وتحميس الطفل للحضور', 'وترجع الطفل']"
28,27,250,27_المعلمات_وتعامل_الموظفات_تعامل,"['المعلمات', 'وتعامل', 'الموظفات', 'تعامل', 'تعامل المعلمات', 'ومتعاونات', 'راقي', 'ممتاز', 'المعلمين', 'معلماتها']","['تعامل المعلمات', 'المعلمات', 'الطالبات', 'المعلمين', 'باقي المعلمات', 'الكوادر', 'الاداريات', 'التعامل', 'الاستاذات', 'الطلبه']","['وتعامل المعلمات الاطفال', 'وتعامل المعلمات', 'وتعامل المعلمات']"
29,28,246,28_الوكيل_وترتيب_وترفيه_وحنونات,"['الوكيل', 'وترتيب', 'وترفيه', 'وحنونات', 'والتميز', 'ومهتمين', 'والتنظيم', 'المديره', 'الوكيله', 'الترتيب']","['الوكيل', 'الوكيله', 'المالكه', 'الترتيب', 'المديره', 'والتنظيم', 'تشكر', 'الله', 'والتميز', 'جد']","['الوكيل', 'الوكيل', 'الوكيل الله']"
30,29,239,29_عاليه_طيبه_مرره_ماشاءالله,"['عاليه', 'طيبه', 'مرره', 'ماشاءالله', 'واخلاقها', 'واخلاق', 'وحده', 'نظافه', 'اخلاقهم', 'بالروضه']","['قليله', 'ومهنيه', 'عنايه', 'تجاوبهم', 'واخلاقهم', 'تربيه', 'وراحه', 'تحيه', 'حركه', 'وجبه']","['وخبره عاليه', 'وحرفيه عاليه', 'مهنيه عاليه']"
31,30,227,30_والشكر_وافضل_ورحابه_والسنه,"['والشكر', 'وافضل', 'ورحابه', 'والسنه', 'والبنات', 'ورقه', 'وهالشي', 'ومراعاه', 'النوم', 'ضغط']","['والشكر', 'والسنه', 'والبنات', 'ورحابه', 'وافضل', 'ومره', 'وهالشي', 'ورقه', 'النوم', 'وكمان']","['والشكر', 'والشكر', 'والشكر']"
32,31,221,31_السلام_الرحمن_حصل_موجود,"['السلام', 'الرحمن', 'حصل', 'موجود', 'اولا', 'الله', 'ام', 'اللي', '', '']","['السلام', 'الرحمن', 'اللي', 'الله', 'ام', '', '', '', '', '']","['السلام', 'السلام', 'السلام']"
33,32,209,32_نجوم_خمس_خمس نجوم_اكثر خمس,"['نجوم', 'خمس', 'خمس نجوم', 'اكثر خمس', 'رقم نجوم', 'اكثر', 'اكثر رقم', 'نجمه', 'يستاهلون', 'نجمات']","['اكثر خمس', 'خمس نجوم', 'شكرا بحجم السماء', 'خمس نجمات', 'المدرسه اكثر', 'نجوم صغيره', 'اعطيه', 'اعطيهم', 'اكثر', 'استاذه العنود']","['اكثر خمس نجوم ترردت اختيارها', 'اكثر خمس نجوم اعطيتهم', 'اكثر خمس نجوم عطيتهم']"
34,33,207,33_تجربتي_تجربه_تجربه سيءه_سيءه,"['تجربتي', 'تجربه', 'تجربه سيءه', 'سيءه', 'للاسف', 'جميله', 'معاهم', 'لطفلي', 'سابقه', 'تجربتنا']","['تجربه سيءه', 'سيءه للغايه', 'سيءه', 'حضانه سيءه', 'تجربتي', 'تجربه راءعه', 'اول تجربه', 'تجربه', 'يكمل', 'الضيافه']","['للاسف تجربه سيءه', 'تجربه سيءه للاسف', 'تجربتي تجربه سيءه انصح']"
35,34,206,34_والطالبات_والعرفان_والعاملات_وممتاز,"['والطالبات', 'والعرفان', 'والعاملات', 'وممتاز', 'والمتابعه', 'الكريم', 'والمكان', 'الممتاز', 'القران الكريم', 'والقران']","['والطالبات', 'والعاملات', 'الطالبات', 'والعرفان', 'والقران', 'والكل', 'للمعلمات', 'والمكان', 'والمتابعه', 'معلمات']","['والطالبات', 'والطالبات', 'والطالبات']"
36,35,205,35_ومفيده_ومتجاوبه_نظيفين_ونظيف,"['ومفيده', 'ومتجاوبه', 'نظيفين', 'ونظيف', 'ومتاكده', 'نظيف', 'بكثير', 'وايضا', 'ان', 'ناجح']","['ومفيده', 'ومتجاوبه', 'ومتاكده', 'وخاصه', 'ومجهود', 'وسعيده', 'يستفيد', 'ونظيف', 'واكثر', 'وم']","['ومفيده', 'ومفيده', 'ومفيده']"
37,36,190,36_والعاب_والراءع_والخروج_والصبر,"['والعاب', 'والراءع', 'والخروج', 'والصبر', 'والراحه', 'غالي', 'ذوق', 'وللاداره', 'ونفسيه', 'وصبر']","['والعاب', 'الالعاب', 'والراءع', 'والصبر', 'والراحه', 'والخروج', 'وصبر', 'ونفسيه', 'وعد', 'وخاصه']","['والعاب', 'والعاب', 'والعاب ذكاء']"
38,37,188,37_اسجل_احط_بنتي_اسجل بنتي,"['اسجل', 'احط', 'بنتي', 'اسجل بنتي', 'احط بنتي', 'كنت', 'خايفه', 'جيت', 'صح', 'اقدر']","['اسجل بنتي', 'احط بنتي', 'حطيت بنتي', 'بنتي', 'وربي', 'ودي', 'اسجل', 'حطيت', 'انا جيت', 'شكوي']","['وحمسوني اسجل بنتي', 'برجع اسجل بنتي', 'وابي اسجل بنتي']"
39,38,182,38_والمعلمات_متعاونات_والمدرسات_حنونات,"['والمعلمات', 'متعاونات', 'والمدرسات', 'حنونات', 'بشوشات', 'الراءعات', 'والعاملات', 'حبوبات', 'محترفات', 'راقيات']","['والمعلمات', 'والعاملات', 'والمدرسات', 'والمهارات', 'للمعلمات', 'وخلوقات', 'والنشاطات', 'المجهود', 'الراءعات', 'والمكان']","['والمعلمات متفهمات', 'والمعلمات الراقيات', 'والمعلمات نشيطات']"
40,39,181,39_والمعلمات_والتعلم_والمدرسات_التعلم,"['والمعلمات', 'والتعلم', 'والمدرسات', 'التعلم', 'والعلم', 'سعوديات', 'ايضا', 'المكان', 'الي', 'المدرسه']","['والمعلمات', 'والمدرسات', 'والتعلم', 'والعلم', 'التعلم', 'المدرسه', 'المكان', 'ايضا', 'سعوديات', 'الي']","['والمعلمات', 'والمعلمات', 'والمعلمات']"
41,40,180,40_للطفل_طفلك_تحطين طفلك_ومريح,"['للطفل', 'طفلك', 'تحطين طفلك', 'ومريح', 'بالطفل', 'تحطين', 'لطفلك', 'لطفل', 'وامنه', 'نفسيا']","['للطفل', 'والطفل', 'بالطفل', 'لطفل', 'ومريحه', 'لطفلي', 'والروضه', 'وطفلي', 'تحطين طفلك', 'للطالب']","['التحفيز للطفل', 'وتاسيسها للطفل', 'وجيده للطفل']"
42,41,176,41_حلوه_مره حلوه_حلو_جد,"['حلوه', 'مره حلوه', 'حلو', 'جد', 'مره', 'حبها', 'حضانه', 'سعيده', 'واسعارهم', 'جميله']","['مره حلوه', 'مره حلو', 'حلووه', 'حلوه', 'الحلوه', 'حلو', 'مقارنه', 'ومره', 'ممتازه', 'الروضه']","['واثق طاقه حلوه', 'مره المدرسه حلوه', 'حلوه مره']"
43,42,169,42_راءع_راءعين_تعامل راءع_وطاقم,"['راءع', 'راءعين', 'تعامل راءع', 'وطاقم', 'راءع تعامل', 'واداري', 'رااءع', 'الطاقم', 'تاسيس', 'اسلوب']","['راءع', 'تعامل راءع', 'راءع اشكر', 'المركز راءع', 'راءع تعامل', 'رااءع', 'معلمات راءعات', 'طاقم راءع', 'راءع صراحه', 'راءعات']","['وتدريس راءع', 'واو راءع', 'وتدريسهم راءع']"
44,43,169,43_الطلاب_وتنميه_بشكل_مستمر,"['الطلاب', 'وتنميه', 'بشكل', 'مستمر', 'الملاحظات', 'والطلاب', 'بشكل يومي', 'يومي', 'تطوير', 'بطرق']","['وتعليم الاطفال', 'والطلاب', 'والتواصل', 'الطلاب', 'تدريسهم', 'ونفسيه', 'وانشطتهم', 'تدريسها', 'والتعلم', 'وتتواصل']","['وضيقه الطلاب', 'وتصوير الطلاب', 'ومتابعتهم الطلاب']"
45,44,166,44_قمه_قمه الاخلاق_الاخلاق_الذوق,"['قمه', 'قمه الاخلاق', 'الاخلاق', 'الذوق', 'الروعه', 'قمه الروعه', 'بالاخلاق', 'قمه الرقي', 'الاحترام', 'الرقي']","['قمه الابداع', 'قمه الاخلاق', 'قمه الروعه', 'قمه التعامل', 'قمه الرقي', 'بصراحه حضانه', 'الامر', 'التجربه', 'الاخلاق', 'الادراه']","['قمه الادب', 'القاءم قمه الروقي', 'وخلود قمه قمه الاخلاق']"
46,45,162,45_واهتمام_حقيقي_تعليم_,"['واهتمام', 'حقيقي', 'تعليم', '', '', '', '', '', '', '']","['واهتمام', 'تعليم', 'حقيقي', '', '', '', '', '', '', '']","['واهتمام', 'واهتمام', 'واهتمام']"
47,46,161,46_والامهات_والاكل_والاسلوب_والاداريه,"['والامهات', 'والاكل', 'والاسلوب', 'والاداريه', 'والا', 'والاخصاءيات', 'لعب', 'والارقام', 'والافضل', 'جيدات']","['والامهات', 'والاكل', 'والاجمل', 'والافضل', 'والاداريه', 'والاسلوب', 'والاخصاءيات', 'والارقام', 'والا', 'تروح']","['والامهات', 'والامهات', 'والامهات']"
48,47,158,47_مدرسه_مدرسه راءعه_الكلمه_مدرسه ممتازه,"['مدرسه', 'مدرسه راءعه', 'الكلمه', 'مدرسه ممتازه', 'راءعه', 'بمعني الكلمه', 'بمعني', 'الاهليه', 'مدارس', 'ماتعنيه']","['مدرسه اكثر راءعه', 'مدرسه راءعه', 'مدرسه سيءه', 'بصراحه مدرسه', 'ماشاء الله مدرسه', 'بمعني الكلمه', 'مدرسه ممتازه', 'مدرسه صغيره', 'الي المعلمات', 'الاهليه']","['مدرسه راءعه بمعلماتها', 'مدرسه راءعه ماتحمله الكلمه معني', 'وكانها مدرسه']"
49,48,155,48_للاداره_خاص_للمعلمات_وشكر,"['للاداره', 'خاص', 'للمعلمات', 'وشكر', 'وشكر خاص', 'للمديره', 'وشكرا', 'شكر', 'شكر خاص', 'للمدرسه']","['الشكر للمعلمات', 'الشكر للاداره', 'وشكر خاص', 'شكرا للقاءمين', 'اشكر المعلمات', 'للمعلمات', 'والشكر', 'للقاءمين', 'وشكرا', 'للمعلمه']","['شكر خاص للمعلمات السابقات', 'وشكر خاص للمديره هالتعامل اللبق', 'وشكر خاص للاداره']"
50,49,152,49_الانشطه_والانشطه_وانشطه_انشطه,"['الانشطه', 'والانشطه', 'وانشطه', 'انشطه', 'المتنوعه', 'حركيه', 'اسبوع', 'مفيده', 'جميله', 'والعاب']","['الانشطه', 'انشطه', 'وانشطه', 'المستمره', 'الاعمار', 'المفيده', 'المختلفه', 'المقدمه', 'السنه', 'القران']","['الانشطه', 'الانشطه', 'التفصيل الانشطه']"
51,50,152,50_والرقي_والحروف_ومتجدده_وخلوقات,"['والرقي', 'والحروف', 'ومتجدده', 'وخلوقات', 'وجواهر', 'ومرتاح', 'ومبدعين', 'والحين', 'الكبير', 'وللحين']","['والرقي', 'والحروف', 'وجواهر', 'وخلوقات', 'والحين', 'ومرتاح', 'الحربي', 'ومبدعين', 'ومتجدده', 'اسبوع']","['والرقي', 'والرقي', 'والرقي']"
52,51,151,51_جميله_الروضه_الحضانه_ماشاء,"['جميله', 'الروضه', 'الحضانه', 'ماشاء', 'ماشاء الله', 'حضانه', 'حضانه جميله', 'صغيره', 'حضانه ممتازه', 'مرتبه']","['روضه جميله', 'الروضه', 'الاطفال الروضه', 'روضه ممتازه', 'الروضه رقم', 'الصراحه', 'بصراحه', 'بصراحه حضانه', 'التربيه', 'المكان جميل']","['الروضه جميله', 'الروضه جميله', 'الروضه جميله']"
53,52,150,52_ومهتمين_مهتمين_يهتمون_بالطفل,"['ومهتمين', 'مهتمين', 'يهتمون', 'بالطفل', 'ويهتمون', 'بالنظافه', 'بالطلاب', 'بنظافه', 'تهتم بالطفل', 'بالاطفال']","['تهتم بالطفل', 'ومهتمين', 'مهتمين', 'بالطفل النواحي', 'يهتمون', 'للطفل', 'والعاملين', 'والطفل', 'بالطفل', 'يحتاجون']","['ومهتمين بالطفل', 'ومهتمين بالطفل', 'ومهتمين بالطفل']"
54,53,149,53_جهودهم_جهودكم_اشكرهم_جهودها,"['جهودهم', 'جهودكم', 'اشكرهم', 'جهودها', 'شاكره', 'واشكرهم', 'الجباره', 'جهدهم', 'جهود', 'مشكورين']","['جهودهم', 'تعاونهم', 'تعاملهم', 'تعليمهم', 'اهتمامهم', 'جهودها', 'واشكرهم', 'وجهودهم', 'جهدهم', 'جهودكم']","['ونشكر جهودهم', 'ونشكر جهودهم', 'ورابع جهودهم']"
55,54,143,54_ام_عبدالله_فيصل_ام خالد,"['ام', 'عبدالله', 'فيصل', 'ام خالد', 'احمد', 'خالد', 'ام عمر', 'محمد', 'نجد', 'ريما']","['ام عمر', 'امين', 'ام سعود', 'امل', 'ام', 'ام خالد', 'نايف', 'هديل', 'ديم', 'امينه']","['ام ياسر', 'ام مسك', 'ام ريف']"
56,55,143,55_عمرها_سنوات_رقم سنوات_عمره,"['عمرها', 'سنوات', 'رقم سنوات', 'عمره', 'رقم', 'سنتين', 'عمره رقم', 'رقم شهور', 'شهور', 'عمر']","['دخلت بنتي', 'بنتي الثانيه', 'بنتي رقم', 'كانت بنتي', 'عمره رقم', 'سجلت بنتي', 'حتي رقم', 'عمرها سنتين', 'بعمر رقم', 'بنتي']","['بنتي عمرها رقم سنوات', 'بنتي عمرها رقم سنوات', 'بنتي عمرها رقم سنوات']"
57,56,142,56_متنوعه_انشطه متنوعه_وبرامج_انشطه,"['متنوعه', 'انشطه متنوعه', 'وبرامج', 'انشطه', 'انشطتهم', 'وانشطه', 'الانشطه', 'مختلفه', 'ونشاطات', 'الالعاب']","['متنوعه', 'انشطه متنوعه', 'وانشطتهم', 'ومواقف', 'متطوره', 'ومهتمه', 'تنوع', 'والنشاطات', 'ونشاطات', 'وانشطه']","['وانشطتها متنوعه', 'وانشطته متنوعه', 'ونشاطاتهم متنوعه']"
58,57,142,57_المبني_والمبني_مبني_قديم,"['المبني', 'والمبني', 'مبني', 'قديم', 'المبني قديم', 'جديد', 'الجديد', 'صغير', 'نظيف', 'سيء']","['المبني', 'مبني', 'المبني قديم', 'والمبني', 'المدرسه', 'الداخل', 'المالك', 'الجديد', 'المكان', 'زي']","['المبني شيين', 'المبني كيءب', 'المبني']"
59,58,141,58_وبركاته_ومتفهمه_والعاملين_الحروف,"['وبركاته', 'ومتفهمه', 'والعاملين', 'الحروف', 'بالعربي', 'السنتين', 'ذوق', 'استثناء', 'العربيه', '']","['وبركاته', 'العربيه', 'ومتفهمه', 'بالعربي', 'الحروف', 'والعاملين', 'ذوق', 'السنتين', 'استثناء', '']","['وبركاته', 'وبركاته', 'وبركاته']"
60,59,140,59_والكل_وصارت_يجلس_القران,"['والكل', 'وصارت', 'يجلس', 'القران', 'فروع', 'البيت', 'يحب', 'وشفت', 'كثير', 'يقدمونه']","['والكل', 'والرقي', 'ربي يسعدهم', 'تتكلم', 'والراحه', 'وصارت', 'يكمل', 'والخروج', 'وانصح', 'ويحب']","['وصارت متقبله الحضانه', 'والكل لاحظ الشي', 'والكل مجتهد']"
61,60,139,60_ونظافه_نظافه_صفر_وخاصه,"['ونظافه', 'نظافه', 'صفر', 'وخاصه', 'وقله', 'محظوظه', 'الحقيقه', 'ومرتاح', 'اكل', 'انصحكم']","['ونظافه', 'نظافه', 'محظوظه', 'وقله', 'وخاصه', 'ومرتاح', 'الحقيقه', 'احط', 'اكل', 'انصحكم']","['ونظافه', 'ونظافه', 'ونظافه']"
62,61,137,61_راءعه مدرسه_مدرسه راءعه_مدرسه_راءعه,"['راءعه مدرسه', 'مدرسه راءعه', 'مدرسه', 'راءعه', 'اداره راءعه', 'اداره', 'اداره مدرسه', 'رااءعه', 'المدارس', 'ماشاءالله']","['مدرسه راءعه', 'راءعه مدرسه', 'اداره راءعه', 'راءعه', 'رااءعه', 'راءعه شكرا', 'راءعه جداا', 'راءع', 'اداره مدرسه', 'الله مدرسه']","['مدرسه راءعه', 'وثاني مدرسه راءعه', 'مدرسه راءعه']"
63,62,130,62_بيءه_صراحه_وبيءه_سيءه,"['بيءه', 'صراحه', 'وبيءه', 'سيءه', 'نظيفه', 'صحيه', 'بيءه امنه', 'امنه', 'روضه', 'اشياء كثيره']","['بيءه', 'بيءه امنه', 'مهيءه', 'سيءه', 'سيءه للغايه', 'وبيءه', 'والبيءه', 'البيءه', 'الروضه', 'بصراحه']","['بيءه نشطه', 'صراحه بيءه نظيفه', 'بيءه سيءه']"
64,63,129,63_المكان جميل_المكان_المكان مرتب_مرتب,"['المكان جميل', 'المكان', 'المكان مرتب', 'مرتب', 'ومكان', 'مريح', 'جميل', 'مناسب', 'صغير', 'المناسب']","['المكان جميل', 'المكان مرتب', 'المكان', 'مره جميل', 'ومكان', 'الامر', 'جميل', 'المناسب', 'الحفل', 'جددا']","['المكان جميل', 'المكان جميل', 'المكان جميل']"
65,64,129,64_ولطيفه_الامور_الاشياء_شكرا جزيلا,"['ولطيفه', 'الامور', 'الاشياء', 'شكرا جزيلا', 'جزيلا', 'واشياء', 'عهد', 'صغارنا', 'الطلاب', 'المعامله']","['ولطيفه', 'المستمر', 'الامور', 'كثير', 'شكرا', 'المعامله', 'عهد', 'شكرا جزيلا', 'صغارنا', 'واشياء']","['ولطيفه', 'ولطيفه', 'ولطيفه']"
66,65,127,65_والمديره_والمدرسه_والمشرفه_والتمهيدي,"['والمديره', 'والمدرسه', 'والمشرفه', 'والتمهيدي', 'نظيفه', 'متعوب', 'مجتهده', 'مجهزه', 'اتعب', 'العلميه']","['والمديره', 'والمشرفه', 'والمدرسه', 'والتمهيدي', 'والتعامل', 'العلميه', 'جديده', 'مجتهده', 'نظيفه', 'صغيره']","['والمديره تمارا', 'والمديره', 'والمديره']"
67,66,121,66_القاءمين_شكرا_اشكر القاءمين_قاده المنار,"['القاءمين', 'شكرا', 'اشكر القاءمين', 'قاده المنار', 'قاده', 'المنار', 'غايه', 'اشكر', 'شكرا شكرا', 'المعلمات']","['اشكر القاءمين', 'شكرا القاءمين', 'الحضانه شكرا', 'قاده المنار', 'الاطفال شكرا', 'الي الامام', 'الخدمه', 'القاءمين', 'الروضه', 'الصرح']","['اشكر القاءمين الحضانه', 'اشكر القاءمين الحضانه', 'شكرا قاده المنار']"
68,67,120,67_مدرسه_المدرسه_سنوات_العام,"['مدرسه', 'المدرسه', 'سنوات', 'العام', 'ابتداءي', 'ابنتي', 'رقم سنه', 'درست', 'رقم', 'الدراسيه']","['مدرسه ممتازه', 'السنه الدراسيه', 'مدرسه سيءه', 'الدراسيه', 'المدرسه', 'افضل مدرسه', 'دخلت بنتي', 'الاهليه', 'تعنيه الكلمه', 'الدراسه']","['افضل مدرسه شفتها ماشالله الله بنتي تقريبا ثاني الدراسه العام', 'درست المدرسه رقم سنوات', 'مدرسه ممتازه دخلت بنتي رقم سنه اول مافتحت مدرسه متعوب عالميه نظافه']"
69,68,118,68_الانجليزيه_اللغه_العربيه_اللغه الانجليزيه,"['الانجليزيه', 'اللغه', 'العربيه', 'اللغه الانجليزيه', 'اللغه العربيه', 'باللغه', 'والارقام', 'عربيه', 'تعليم', 'والحروف']","['اللغه الانجليزيه', 'اللغه العربيه', 'الانجليزيه', 'اللغويه', 'الانجليزي', 'اللغه', 'الدراسيه', 'اللغوي', 'المعلمات', 'الكلمات']","['اللغه الانجليزيه', 'اللغه الانجليزيه', 'اعلم ان تدريس اللغه العربيه لشخص يتحدث الانجليزيه يمثل تحدي كبير']"
70,69,118,69_التواصل_التسجيل_داءم_انصح,"['التواصل', 'التسجيل', 'داءم', 'انصح', 'تواصل', 'بالتسجيل', 'سهل', 'طريقه', 'الاهل', 'الحين']","['داءم', 'الاهم', 'التواصل', 'الامر', 'داءما', 'الدخول', 'الكلام', 'الام', 'الاهل', 'انصح الحضانه']","['تواصل داءم', 'تواصل داءم الاهل', 'تواصل داءم الاهل']"
71,70,117,70_خير_الله خير_الله_اسال الله,"['خير', 'الله خير', 'الله', 'اسال الله', 'اسال', 'والله', 'تهاني', 'ان', 'تعليمهم', 'وحرصهم']","['المعلمه', 'الله خير', 'ويوفقكم', 'الاداره', 'اسال الله', 'وحرصهم', 'والعرفان', 'المدرسه', 'المبتكره', 'واستاذه تهاني']","['فجزاكم الله عنا خير الجزاء', 'وجزاكم الله عنا خير الجزاء', 'والكثير الله يجزاهم خير الجزاء']"
72,71,116,71_متعاونه_مبدعين_متعاونات_محترمين,"['متعاونه', 'مبدعين', 'متعاونات', 'محترمين', 'مناسبه', 'محترمه', 'محروسه', 'واسعار', 'محترمات', 'مجتهدين']","['متعاونه', 'متعاون', 'متعاونات', 'متطوره', 'محترمه', 'محتاجه', 'محروسه', 'متفهمين', 'مشكوره', 'معلمه']","['متعاونه', 'متعاونه', 'متعاونه']"
73,72,115,72_كثيره_اشياء_كثير_وفعلا,"['كثيره', 'اشياء', 'كثير', 'وفعلا', 'اشياء كثيره', 'وتقول', 'فعلا', 'تعلم', 'تتكلم', 'والانشطه']","['اشياء كثيره', 'كثيره', 'تعنيه الكلمه', 'يتكلم', 'والكل', 'كفاءه', 'تتكلم', 'والمعلمه', 'الادعيه', 'وحرصهم']","['وتتعلم اشياء كثيره', 'وعارف اشياء كثيره يدخله', 'وتعلم اشياء كثيره']"
74,73,115,73_متعاونين_وطاقم_متعاون_وجدا,"['متعاونين', 'وطاقم', 'متعاون', 'وجدا', 'الطاقم', 'الاداره', 'لابعد', 'مره مره', 'متعاونه', 'لابعد حد']","['متعاونين', 'ومتعاونين', 'متعاونه', 'مشكورين', 'مهتمين', 'ومتعاونه', 'متعاون', 'متفهمين', 'متعاونات', 'وتعاون']","['ومرا متعاونين', 'ويرضي متعاونين', 'وطاقمها متعاونين']"
75,74,115,74_التفاصيل_بادق_بادق التفاصيل_ومهتمين,"['التفاصيل', 'بادق', 'بادق التفاصيل', 'ومهتمين', 'ادق', 'ادق التفاصيل', 'مهتمين', 'مهتمين بادق التفاصيل', 'مهتمين بادق', 'المعلومه']","['مهتمين بادق التفاصيل', 'بادق التفاصيل', 'ادق التفاصيل', 'التفاصيل', 'بتفاصيل', 'بالتفاصيل', 'مهتمين بادق', 'والمديره', 'المعلومه', 'ومهتمين']","['والعنايه بادق التفاصيل', 'بادق التفاصيل', 'وبتهتم بادق التفاصيل']"
76,75,114,75_الترفيه_المعلمه_اللعب_الاخلاق,"['الترفيه', 'المعلمه', 'اللعب', 'الاخلاق', 'التجربه', 'ساحه', 'مغلقه', 'الترحيب', 'المعرفه', 'المرافق']","['الترفيه', 'التربيه', 'الترحيب', 'التجربه', 'المعلمه', 'المعرفه', 'الاخلاق', 'الاخلاص', 'الاطلاق', 'الاعمار']","['الترفيه', 'انواع الترفيه', 'الترفيه']"
77,76,113,76_للمركز_بالمركز_والمركز_هالمركز,"['للمركز', 'بالمركز', 'والمركز', 'هالمركز', 'تقييمي', 'نظيف', 'الطفل البطل', 'انصح', 'صور', 'البطل']","['للمركز', 'والمركز', 'ومهتمه', 'بالمركز', 'يستحق', 'المميز', 'التجربه', 'ومستوي', 'والفضل', 'الطفل البطل']","['وثانيا تسويق للمركز', 'والمحبه للمركز', 'وحماسه للذهاب للمركز']"
78,77,112,77_طفلي_مريحه_للطفل_طفل,"['طفلي', 'مريحه', 'للطفل', 'طفل', 'مرتاح', 'مبسوط', 'احط طفلي', 'انزل', 'تخرج', 'حبها']","['احط طفلي', 'حطيت طفلي', 'وطفلي', 'طفلي', 'لطفلي', 'مو طبيعي', 'تعاملي', 'للطفل', 'صغيري', 'طبيعي']","['وانبسط طفلي', 'وتعلق طفلي', 'وحيات طفلي']"
79,78,111,78_وصبرها_اكلمهم_طوال اليوم_وجبه,"['وصبرها', 'اكلمهم', 'طوال اليوم', 'وجبه', 'ولطافه', 'معانا', 'العالي', 'طوال', 'راحه', 'جددا']","['وصبرها', 'وجبه', 'ولطافه', 'جددا', 'روعه', 'راحه', 'اكلمهم', 'طوال اليوم', 'مرره', 'احط']","['وصبرها', 'وصبرها', 'وصبرها']"
80,79,111,79_اهتمامكم_اهتمامك_عطاءها_وتنوع,"['اهتمامكم', 'اهتمامك', 'عطاءها', 'وتنوع', 'العطاء', 'ردكم', 'مالهم', 'تعاونكم', 'ويكفي', 'كبير']","['اهتمامكم', 'اهتمامك', 'عيالكم', 'تعاونكم', 'اكمل', 'تعاملكم', 'عطاءها', 'العطاء', 'مالهم', 'ردكم']","['اشكر اهتمامكم', 'اهتمامكم', 'اهتمامكم']"
81,80,111,80_ومعلمات_ولطيفات_ثانيا_تواصل,"['ومعلمات', 'ولطيفات', 'ثانيا', 'تواصل', 'مره', '', '', '', '', '']","['ومعلمات', 'مره', 'ولطيفات', 'تواصل', 'ثانيا', '', '', '', '', '']","['ومعلمات', 'ومعلمات', 'ومعلمات']"
82,81,111,81_ومتعاونات_ويوفقها_ويوفقكم_وموظفات,"['ومتعاونات', 'ويوفقها', 'ويوفقكم', 'وموظفات', 'ومواقف', 'المركز', '', '', '', '']","['ومتعاونات', 'ومواقف', 'وموظفات', 'ويوفقكم', 'ويوفقها', 'المركز', '', '', '', '']","['ومتعاونات', 'ومتعاونات', 'ومتعاونات']"
83,82,111,82_وحريصين_وحرص_وحريصات_وحريصه,"['وحريصين', 'وحرص', 'وحريصات', 'وحريصه', 'الاطفال', 'سلس', 'وكتابه', 'عالاطفال', 'الحروف', 'مواعيد']","['وحريصين', 'وحريصات', 'كبير الاطفال', 'رعايه الاطفال', 'حريصين', 'الاطفال', 'وحريصه', 'عالاطفال', 'تعليم الاطفال', 'وحتي']","['وحريصين الاطفال', 'وحريصين الاطفال', 'وحريصين الاطفال']"
84,83,110,83_بالاطفال_والاهتمام بالاطفال_والاهتمام_اهتمام,"['بالاطفال', 'والاهتمام بالاطفال', 'والاهتمام', 'اهتمام', 'الاهتمام بالاطفال', 'اهتمامهم بالاطفال', 'واهتمام', 'اهتمامهم', 'واهتمامها', 'الاهتمام']","['والاهتمام بالاطفال', 'الاهتمام بالاطفال', 'اهتمامهم بالاطفال', 'اهتمام بالطفل', 'والاهتمام', 'بالاطفال', 'للاطفال تعليم', 'والاطفال', 'الاهتمام', 'ناحيه الاهتمام']","['والاهتمام بالاطفال', 'واهتمامه بالاطفال', 'واسعادهاواهتمامها بالاطفال']"
85,84,109,84_والاهل_للامانه_والا_السلامه,"['والاهل', 'للامانه', 'والا', 'السلامه', 'والان', 'وبشده', 'صبورات', 'والاداريه', 'مقفل', 'مهم']","['والاهل', 'والان', 'والا', 'السلامه', 'والاداره', 'للامانه', 'نوره', 'طيبه', 'اسجل', 'شكرا']","['والاهل', 'والاهل', 'والاهل']"
86,85,109,85_والاهتمام_روضه ممتازه_روضه_ممتازه,"['والاهتمام', 'روضه ممتازه', 'روضه', 'ممتازه', 'رهيبه', 'الكبير', 'حرص', 'ممتاز', '', '']","['والاهتمام', 'ممتاز', 'ممتازه', 'حرص', 'الكبير', 'روضه ممتازه', 'روضه', 'رهيبه', '', '']","['والاهتمام', 'والاهتمام', 'والاهتمام']"
87,86,109,86_الله___,"['الله', '', '', '', '', '', '', '', '', '']","['الله', '', '', '', '', '', '', '', '', '']","['ورحمه الله', 'ورحمه الله', 'ورحمه الله']"
88,87,109,87_حاطين_وبنتي_طفلتي_كتير,"['حاطين', 'وبنتي', 'طفلتي', 'كتير', 'بنتي', 'حبت', 'لاني', 'خير', 'كنت', 'جيت']","['حاطين', 'معلمه بنتي', 'حريصين', 'طفلتي', 'بنتي مره', 'شكوي', 'المميز', 'طفلي', 'الخيال', 'طفلين']","['ليش حاطين الرقم', 'حاطين رقم', 'حاطين ارقام للمدارس']"
89,88,108,88_استاذه_اشكر استاذه_اشكر_العتيبي,"['استاذه', 'اشكر استاذه', 'اشكر', 'العتيبي', 'واشكر استاذه', 'تغريد', 'اشكر الاستاذه', 'تعاونها', 'هاجر', 'احب اشكر']","['بنتي استاذه', 'استاذه العنود', 'استاذه ندي', 'بالشكر استاذه', 'استاذه هدي', 'استاذه امل', 'اخص بالشكر استاذه', 'اشكر الاستاذه', 'استاذه اصايل', 'استاذه هيفاء']","['احب اشكر استاذه هاجر العتيبي تعاملها الراقي', 'جزيتي خيرا استاذه خديجه الحسين', 'الرضيع استاذه خديجه']"
90,89,107,89_مركز راءع_راءع_مركز_رااءع,"['مركز راءع', 'راءع', 'مركز', 'رااءع', 'راءع جد', 'بقوه', 'جددا', 'درس', 'كامل', 'للامانه']","['مركز راءع', 'راءع', 'رااءع', 'راءع جد', 'مركز', 'راءعه', 'جد', 'بقوه', 'كامل', 'للامانه']","['مركز راءع', 'مركز راءع', 'مركز راءع']"
91,90,107,90_وتعاملهم_وتعاملها_تعليمهم_تعاملهم,"['وتعاملهم', 'وتعاملها', 'تعليمهم', 'تعاملهم', 'تعاونهم', 'والاهم', 'وجوده', 'تعليمه', 'تعاونها', 'تعاون']","['وتعاملهم', 'تعاملهم', 'تعاونهم', 'وتعاملها', 'تعليمهم', 'تواصلهم', 'تعاملها', 'تعاونها', 'تعليمه', 'تعامل']","['وتعاملهم', 'وتعاملهم', 'وتعاملهم']"
92,91,107,91_الثاني_الثانيه_بيتي الثاني_بيتي,"['الثاني', 'الثانيه', 'بيتي الثاني', 'بيتي', 'بيته الثاني', 'حضانه بيتي', 'حضانه بيتي الثاني', 'بيته', 'بيت', 'السنه']","['البيت الثاني', 'الثانيه', 'بيته الثاني', 'الترم الثاني', 'الثاني', 'بنتي الثانيه', 'بيتي الثاني', 'اليوم الثاني', 'حضانه بيتي الثاني', 'ثالث']","['الثاني', 'والعيب الثاني', 'وكانها بيتها الثاني']"
93,92,106,92_شكرا_اهتمامكم_تعاملكم_ابناءنا,"['شكرا', 'اهتمامكم', 'تعاملكم', 'ابناءنا', 'اشكركم', 'لطاقم', 'حسن', 'تعاونكم', 'وشكر', 'وشكرا']","['لجهودهم', 'بصراحه', 'وجهودهم', 'تعاونكم', 'شكرا القلب', 'العطاء', 'اهتمامكم', 'وعطاء', 'وشكرا', 'شكرا حسن']","['شكرا لجهودكم', 'شكرا لعطاءكم', 'شكرا لجهودكن']"
94,93,106,93_مركز جميل_جميل_مركز_جمميل,"['مركز جميل', 'جميل', 'مركز', 'جمميل', 'قممه', 'جميله', '', '', '', '']","['مركز جميل', 'جميل', 'جمميل', 'جميله', 'مركز', 'قممه', '', '', '', '']","['مركز جميل', 'مركز جميل', 'مركز جميل']"
95,94,105,94_مركز_مركز مميز_مميز_افضل مركز,"['مركز', 'مركز مميز', 'مميز', 'افضل مركز', 'مركز جميل', 'سماء', 'جميل', 'نظيف', 'مرتب', 'افضل']","['مركز مميز', 'مركز سماءي', 'مركز جميل', 'مركز', 'اجمل مركز', 'مريح', 'افضل مركز', 'متمكن', 'بجد', 'وارقي']","['مركز نضيف', 'مركز خايس', 'مركز نضيف']"
96,95,105,95_الاداره_اشكر الاداره_سيءه_لابعد,"['الاداره', 'اشكر الاداره', 'سيءه', 'لابعد', 'واداره', 'واشكر', 'لابعد حد', 'اشكر', 'حد', 'لطيفه']","['اشكر الاداره', 'الاداره', 'الجباره', 'واداره', 'المسءوليه', 'حضانه سيءه', 'الراءعه', 'تشكر', 'شكر', 'سيءه']","['اشكر الاداره', 'اشكر الاداره', 'اشكر الاداره']"
97,96,104,96_وسرعه_والتواصل_الاجتماعي_التواصل,"['وسرعه', 'والتواصل', 'الاجتماعي', 'التواصل', 'وتعقيم', 'وتواصل', 'تركيز', 'سلس', 'وتتواصل', 'تواصلت']","['التواصل', 'وسرعه', 'والتواصل', 'وتتواصل', 'وتواصل', 'وتغيير', 'وطاقم', 'تواصل', 'المكان', 'والمهارات']","['وسرعه التواصل', 'وسرعه التواصل', 'وسرعه التواصل']"
98,97,102,97_حريصين_حريصين الاطفال_الترم_الاطفال,"['حريصين', 'حريصين الاطفال', 'الترم', 'الاطفال', 'عالاطفال', 'حنونين', 'الاطفال الاطفال', 'الاكل', 'سمحتو', 'حنونه']","['حريصين الاطفال', 'حريصين', 'الشمري', 'عالاطفال', 'الاطفال امانه', 'وحريصين', 'الاطفال', 'حنونين', 'الاطفال ماشاء', 'الاطفال ماشاء الله']","['حريصين الاطفال', 'حريصين الاطفال', 'حريصين الاطفال']"
99,98,100,98_اطفاله_تقول_اذا_شيء,"['اطفاله', 'تقول', 'اذا', 'شيء', 'لانها', 'اقسم', 'يوم', 'بنتهم', 'اني توفقت', 'يكفي']","['يشهد ربي', 'بنتي دخلت', 'اني توفقت', 'ان بنتي', 'اقسم بالله', 'بصراحه مدرسه', 'سيءه', 'كانت بنتي', 'المعلمه', 'اختي']","['وطبعا احاول اعرف ليه ماعرفت ماتبي تدخل اقسم بالله انسي بنتي دخلت', 'والقلم تخيلوا حتي تجارب مافيه اقسم بالله اني تحسسفت مره لاني دفعت كامل', 'ومايخلونكم تدخلون تشوفون انتبهوا اقسم بربي يشهد ربي ان كلمه كتبتها صحيحه طبعا سحبت عيالي']"
